author, star
놀마,별점10.0
꽃제이(진소예),별점10.0
감사혜,별점10.0
달콤한홍차,별점10.0
핑크티,별점10.0
루시아,별점10.0
이도혜,별점10.0
칠칠마마,별점10.0
은율아,별점10.0
서한밤,별점10.0
이은비,별점10.0
미이라이,별점10.0
이달아,별점10.0
플아다,별점10.0
태소영,별점10.0
Lunar 이지연,별점10.0
빵양이,별점10.0
용감한 자매,별점10.0
탐이나,별점10.0
미래힐,별점10.0
로즈빈,별점10.0
주황연,별점10.0
트위티블리,별점10.0
진이현,별점10.0
셀리코,별점10.0
박수정(방울마마),별점10.0
갓녀,별점10.0
이재익,별점10.0
플라비,별점10.0
반지영,별점10.0
최윤정(두잇),별점10.0
달콤J,별점10.0
쥬시린시,별점10.0
노승아,별점10.0
플아다,별점10.0
태소영,별점10.0
플아다,별점10.0
성하,별점10.0
닥터냐냐,별점10.0
별규,별점10.0
배사비,별점10.0
이다홍,별점10.0
미니멜리사,별점10.0
이수안,별점10.0
래마,별점10.0
설우희,별점10.0
진저리,별점10.0
블랑드,별점10.0
이달리.,별점10.0
성소작,별점10.0
체리고,별점10.0
김결,별점10.0
플아다,별점10.0
갓녀,별점10.0
윤손,별점10.0
박수정(방울마마),별점10.0
별규,별점10.0
이새인,별점10.0
이다홍,별점10.0
놀마,별점10.0
노승아,별점10.0
이범배,별점10.0
아라휘,별점10.0
주황연,별점10.0
이은비,별점10.0
안테,별점10.0
이은비,별점10.0
이 정,별점10.0
탐이나,별점10.0
Lunar 이지연,별점10.0
윤이수,별점10.0
용감한 자매,별점10.0
글쓰는 귀신,별점10.0
빵양이,별점10.0
핑크티,별점10.0
노승아,별점10.0
달콤J,별점10.0
파란드,별점10.0
노승아,별점10.0
이범배,별점10.0
주황연,별점10.0
안테,별점10.0
왕기대,별점10.0
이새인,별점10.0
벚꽃그리고,별점10.0
플아다,별점10.0
이은비,별점10.0
이른봄,별점10.0
탐이나,별점10.0
이경하,별점10.0
우지혜,별점10.0
별규,별점10.0
시니컬 앨리스,별점10.0
이달아,별점10.0
비연,별점10.0
은빈,별점10.0
달콤J,별점10.0
박수정(방울마마),별점10.0
Lunar 이지연,별점10.0
로즈빈,별점10.0
