제목,링크,내용
다이렉트자동차보험비교 견적사이트 / 특약 내용 정리,https://blog.naver.com/yebbuneik/222677909567,다이렉트자동차보험비교 견적사이트 확인 및 특약 내용 정리 저는 운전면허는 오래전에 땄지만... 자동차를 소유한 분들이라면 반드시 가입해야만하는 보험이 이런 자동차보험이에요. 의무보험은 보통... 
자동차보험다이렉트비교사이트 살펴보기,https://blog.naver.com/ddongbens/222671567753,새롭게 차를 구매하고자 계획했는데 자동차보험부터 알아봐야 한다는 사실을 알게 됐어요. 직접... 활성화되면서 자동차보험도 온라인으로 준비가 가능했어요. 저와 같이 바쁘게 지내는 직장인이라면 이러한... 
자동차보험료비교견적사이트 시간낭비 없이!,https://blog.naver.com/kgold1204/222671998689,자동차보험료비교견적사이트 시간낭비 없이! 운전을 하는 것이 운전면허를 취득하기 전에는 이렇게나... ## 자동차보험료 여기서 비교부터 [클릭] ## http://ssagttug.com/?camp_uid=20&amp;utm_medium=772 보통은 가까운 곳을... 
다이렉트자동차보험비교 꼼꼼하게 진행하고 탄탄한 보장... ,https://blog.naver.com/byg416/222676622721,자동차보험은 사고가 발생하여 타인에게 피해를 입혔을 때 이에 대해서 보상하기 위해 가입하는데요. 대인배상 1과 대물배상이 의무가입 사항으로 지정이 되어있기에 이를 잘 따져보고서 다이렉트자동차보험비... 
무직자자동차담보대출 자격조건 알아보기,https://blog.naver.com/j2toto/222674102614,무직자자동차담보대출에 대해 안내해드릴까 하는데요. 쓸모없는 정보는 줄여서 필요한 내용들로만... 그래서 신용이 받쳐줘야 진행되는 것들과 다르게 무직자자동차담보대출은 기준점수도 높은 편이 아니기에... 
다이렉트자동차보험비교 적절하게 진행해보기!,https://blog.naver.com/hwoarangx2/222660526446,다이렉트자동차보험비교 적절하게 진행해보기! 안녕하세요 위캔드 다이어리 스퀄입니다. 자동차를 운전하다 도로가 막히면 버스전용차로로 달리는 차량이 부러울 때가 있어요. 버스전용차로는 녹색도로로서... 
BMW iX 자동차 보험료 다이렉트보험으로 계산 후기,https://blog.naver.com/fectam/222668234487,BMW iX 자동차 보험료 다이렉트보험으로 계산 후기 Compare car insurance for BMW iX 2022년 1·2월 유럽... 차량의 자동차 보험료 계산 시 보험사별로 얼마나 차이가 있을지 함께 알아보자. 참고로 개인정보나 자동차... 
다이렉트자동차보험료비교견적사이트 자동차보험료1년... ,https://blog.naver.com/hyunji091/222666957860,"다이렉트자동차보험료비교견적사이트 자동차보험료1년 자동차보험다이렉트 알아보는 팁 체크 자동차를 보유, 운행하기 위해서는 자동차보험 가입이 필수인데요. 과거에는 직접 보험사를 방문하거나 설계사를... "
서울 최적의 자동차유리막코팅 가격 진행한 팁,https://blog.naver.com/ysh2119/222675671685,오늘은 BMW 전기차 Ix3 차량의 자동차유리막코팅을 진행한 이야기입니다. 7500만원의 가격으로 출고한... 이전의 오염과 잔기스를 제거하기 위한 디테일링과 광택 시공을 포함해 자동차유리막코팅 가격을 받고... 
"자동차 와이퍼 추천, 차모아 초발수 실리콘 와이퍼",https://blog.naver.com/anny68/222676063103,자동차 와이퍼 추천 제가 차량을 새것으로 바꾼 것이 2018년1월이니 해가 4년이 넘어가네요. 자동차는 그저 이동하는 수단에 지나지 않는 것이 아니잖아요. 그래서 더 애지중지하고 앞으로 5년은 거뜬히 탈 수... 
2022년 2월 국내 자동차 판매량,https://blog.naver.com/21cromeo/222662901126,뭐 어쨌거나 오늘도 지난달의 국내 자동차 판매량을 살펴보겠습니다. 먼저 차종별 판매량입니다.... 지난 1월 자동차 판매량 분석을 포스팅하면서도 제가 언급했습니다. 니로가 신형 모델을 내놓고 가격을... 
자동차 발매트 확실하게 체크해요!,https://blog.naver.com/cityholic/222675276231,오늘은 제가 직접 사용해보고 느낀 자동차 발매트에 대해서 후기를 남겨 보려고 하는데요. 요즘 바쁜 직장인분들에게 자동차는 정말 필수적인 요소로 자리 잡힌 것 같아요. 회사를 출 퇴근하면서도 편리하고... 
자동차에어컨냄새제거 셀프 클리닝,https://blog.naver.com/buenmojo/222677380268,#자동차에어컨냄새제거 자동차에어컨냄새제거 셀프 클리닝 주행을 하는 도중에 히터나 에어컨을 트는 동시에 올라오는 시큰한 냄새는 다들 맡아 보셨을거라 생각해요. 추운 지난 겨울철에는 뜨거운 열기로... 
자동차보험 자기신체사고[자손] vs 자동차상해[자상],https://blog.naver.com/starland2005/222670571361,다이렉트 자동차보험을 가입하다 보면 마지막에 이런 화면 보신 적 있을 겁니다. 계산된 보험료를... 요즘은 정보가 많이 알려져 있습니다만 저기에 표시된 &lt;자기신체사고&gt;와 &lt;자동차상해&gt;의 차이를 알고... 
자동차보험료비교견적사이트 쉽고 빠르게 확인하는 팁,https://blog.naver.com/ddongbens/222663975078,초반에 보험을 가입 해야되나 한다면 무엇을 해야 되나 고민이 많았는데 알고 보니 자동차를 가지고 있는 사람이라면 필수로 보험 가입을 해야 했습니다. 확실하게 이야기 하면 법적으로 자동차를 소유한 사람은... 
자동차다이렉트보험비교사이트 정말 필수네요,https://blog.naver.com/kgold1204/222674085096,"자동차다이렉트보험비교사이트 정말 필수네요 며칠 전 알게 된 사실을 알려드리자면 40세 미만의 자동차보험 계약자는 비대면 채널을 활용하면서 가입하는 경우가 대부분이라는 기사를 접했어요. 50대, 60대는... "
다이렉트자동차보험비교견적사이트 이용하여 쉽게 가입... ,https://blog.naver.com/gatch1/222669988751,오늘은 자동차를 구매하시려는 의향이 있으신 분들에게 도움이 될 수도 있는 이야기를 들고 왔습니다. 자동차를 구매하시려면 다이렉트자동차보험비교견적사이트를 이용하여 자동차보험에 대해서 알아보시는... 
"자동차 연비 좋게 만드는 방법, 차량 연료비 절감 운행",https://blog.naver.com/crom234/222677815370,#자동차연비 #연비절감 #자동차연비상승 #자동차연료비절감 #자동차연비좋게만드는방법 #차량연비개선 #연비절약습관 여러모로 참 살기 힘들어지는 세상이다. 코로나는 기본이고 세계에서 벌어지는 기이한... 
자동차디퓨저 추천 매력적인 차 방향제 모노디트리,https://blog.naver.com/llllllooolll/222677296724,MONODITRI 모노디트리 프리미엄 고급 자동차디퓨저 차 방향제 #자동차디퓨저 #차방향제 #자동차방향제 #모노디트리 #모노디트리방향제 #방향제추천 @ https://smartstore.naver.com/amazingitemd 친정 부모님이 15년간... 
자동차개인리스 단점과 계약시 주의점,https://blog.naver.com/luvgos2/222674944027,자동차를 출고하는 방법은 다양합니다. 예전에는 직접 본인 명의로 출고하는 분들이 대부분이었지만 지금은 자동차개인리스를 이용하거나 장기렌트를 이용해서 출고하시는 분들이 점점 늘고 있는... 
자동차 언더코팅 가격 프로모션 안내,https://blog.naver.com/shinuk/222674456133,자동차 언더코팅 가격 프로모션 안내 안녕하세요. 이번에 소개해 드리는 내용은 자동차 언더코팅 가격 프로모션 안내입니다. 오늘 보증 서비스를 받으러 오신 QM6 차량의 점검 사례를 안내해 드리면서... 
대전국비자동차정비산업기사 전문적인 교육방식,https://blog.naver.com/dufrhd369/222669233877,"이번에 사촌 동생이 대전국비자동차정비산업기사를 준비하게 되었어요~ 어떻게 준비하고 있는지... 2017년도 자동차 정비와 자동차 도장 부문에서 금,은,동 입상자를 배출한 것 뿐만 아니라 전년도인 2021년 대전... "
다이렉트자동차보험료비교견적사이트 통해 보장내용 꼼꼼하게... ,https://blog.naver.com/ysh2119/222670034415,&gt;&gt;&gt;내 자동차보험료는 얼마? 견적부터 비교까지 간편하게!! [ 클릭 ] 일상생활을 하면서 짧은 거리를 운행할 때도 별다른 이유없이 자동차사고가 발생할 수도 있는 위험이 있어서 실제로도 해당부분에 관한 대책을... 
자동차 실내랩핑 얼마나 좋을까?,https://blog.naver.com/hahahong7608/222676539180,집안에 인테리어를 바꾸듯 자동차의 실내는 운전을 하면서 자주 마주하게 되는 실내인테리어 입니다. 여러분의 자동차 실내는 어떠한가요? 너무 올드한 느낌이거나 아님 차량 컨셉에 맞지 않거나 또 아니면... 
전기자동차･수소전기차 구매 보조금을 신청하세요.,https://blog.naver.com/dodreamgj/222651183475,미세먼지 저감 효과 큰 수소전기차와 전기자동차의 수소전기차와 전기자동차 보조금 신청하세요! 수소전기차 구매 보조금 신청하세요~ ✓지원대상 구매 신청 전일까지 광주시에 주소를 둔 -광주에... 
자동차 의무보험과 종합보험은 무슨 차이일까?,https://blog.naver.com/aojun3728/222655776823,"오랜만에 찾아온 자동차 보험 이야기입니다. 종종 자동차 보험 이야기로 포스팅을 이어나가고 있는데요. 자동차에 대해 잘 알고 계신 분들은 많지만, 자동차 보험에 대해 잘 알고 계신 분은 상당히 드물어요.... "
자동차보험료비교견적사이트 가입 요령 깔끔하게 정리했어요,https://blog.naver.com/wmftkah/222664495167,자동차를 구매하면 의무적으로 가입해야 하는 자동차보험은 매년 일정 금액을 납입해야 하기 때문에 연속적 비용에 속합니다. 따라서 이렇게 나가는 금액을 줄이기 위해서는 여러 방법을 알아볼 수 있겠는데요.... 
다이렉트자동차보험비교견적사이트 체크해야하는 이유!,https://blog.naver.com/kgold1204/222668728870,다이렉트자동차보험비교견적사이트 체크해야하는 이유! 운전면허의 취득은 운전을 하기 위해서 따는게... 다들 이미 많이 들어 잘 알겠지만 자동차보험은 해마다 매년 가입이 이루어져야 하는 의무보험이에요.... 
다이렉트자동차보험비교견적사이트 활용 및 자동차책임보험가... ,https://blog.naver.com/mmmmihye/222668550024,다이렉트자동차보험비교견적사이트 활용 및 자동차책임보험가격 계산 팁 안녕하세요~ 오늘은 다이렉트자동차보험비교견적사이트 활용 방법과 자동차책임보험가격 계산 방법에 대해 알려드리려고합니다!... 
"캐롯퍼마일자동차보험 가입혜택, 보험료 및 마일리지적립 후기",https://blog.naver.com/sexysbkang/222669651943,"2021년 6월, 그동안 비교견적을 통해 가입해오던 자동차보험을 캐롯퍼마일자동차보험으로 가입했습니다. 1년치 보험료를 선결제 하는 것이 아닌 매달 주행거리만큼의 보험료를 결제하는 방식이라... "
"자동차 탄소포인트제 신청, 탄소포인트, 근검 절약 방법",https://blog.naver.com/gusrlid/222664809070,↓↓↓↓↓↓↓ https://blog.naver.com/gusrlid/222602312925 이번엔 자동차 탄소포인트제 정보를 들고왔어요. 아직 가입하지 않으신 분들은 지금 바로 가입하시고 10만원 혜택 누려보세요 :) 자동차 탄소포인트제?... 
대전자동차정비학원대전직업전문학교자동차정비교육 이곳에서!,https://blog.naver.com/pingkogirl/222676465368,그래서 자동차산업기사 자격증을 배우는 게 좋은데요. 현재 차량 대수는 꾸준히 증가하고 있으며 점차 자동차에 관한 지식 없이 운전만 하는 분이 더 많아질 것으로 보이므로 유망 직종이라 할 수 있기... 
다이렉트자동차보험비교견적사이트 이용 전에 기본내용 확인하자,https://blog.naver.com/hwoarangx2/222674521640,다이렉트자동차보험비교견적사이트 이용 전에 기본내용 확인하자 안녕하세요 위캔드 다이어리 스퀄입니다. 자동차보험은 교통사고로 인하여 발생할 수 있는 다양한 경제적인 손실을 대비하는 보장상품입니다.... 
차모아 크루즈 자동차도어커버 소중한 내차 보호,https://blog.naver.com/then97/222660280055,안녕하세요 식이 입니다 오늘은 차모아 크루즈 자동차도어커버를 붙여서 내차 보호하는 포스팅을... 차모아 자동차도어커버는 무려 가죽입니다 ㅎㄷㄷㄷ 내차는 소중하니까 요즘같은 코로나시국에 자차로... 
자동차보험료비교견적사이트 알아보는 중,https://blog.naver.com/yura90s/222638822267,"그래서 요즘은 자동차를 소유하면 꼭 필요한 자동차보험에 대해 알아보고 있는데, 너무 많은 곳들이 있어서 자동차보험료비교견적사이트를 통해서 직접 비교해보고 실 생활에서 어떤 점들이 필요한지를... "
자동차보험료1년 문제없이 간단하게 구성하세요,https://blog.naver.com/ysh2119/222651024561,오늘 포스팅에서는 자동차보험에 대한 내용을 소개해볼까 합니다. 운전대를 잡고 매일 운전을 한다면 자동차보험에 대해 모를수가 없을겁니다. 지피지기면 백전백승! 알아야 하죠! ㅎ 자동차보험이라는 것은... 
자동차킥매트 깔끔한 내부를 위한 아버지 선물 차모아에서,https://blog.naver.com/ldy9150/222650371424,자동차킥매트 랍니다 차량용킥매트 오자마자 달아야겠다고 제 신랑이 바로 갖고 나왔는데요 설명서가 굳이 필요는 없지만 꽤나 수납공간이 많다는 것을 동봉된 설명서만 살펴봐도 알거 같네요 차모아 자동차킥... 
미환급채권조회 : 자동차 채권 환급(+농협),https://blog.naver.com/jeju8/222668322522,"오늘은 미환급채권조회 자동차 채권 환급에 대해 알아보겠습니다. 5년이상 차를 타고 계신분들이라면 꼭 확인해주세요. 새차, 중고차를 구매할 때 필수적으로 지역개발채권을 매입하게 되는데요. 자동차를... "
대전자동차정비교육 전문적인 기술과 다양한 교육방법,https://blog.naver.com/eunjin8688/222676669837,어릴 때부터 관심을 두고 있었던 자동차 정비 쪽이라 이번에 큰 결정을 앞두고 많이 생각했는데요. 이 선택에 결정적인 요인으로는 대전자동차정비교육으로 시작할 수 있다는 점이었어요. 이 교육으로 이론과... 
EV6 구입 시 자동차보험료계산 캐롯손해보험 자동차보험,https://blog.naver.com/boxriot1/222664420289,많은 분들이 내연기관 (가솔린/디젤) 차량에서 전기자동차로 바꾸시려고 하는데요. 과연 전기 자동차 보험료는 어느정도이며 실제 월 납입이 가능한 캐롯손해보험 자동차보험에서 금액을 산출하면 어느정도... 
다이렉트자동차보험비교 신속하게 진행하고 마련하는 방법,https://blog.naver.com/nbarice/222664120087,자동차보험은 운전을 하고 내 명의의 차량을 가지고 계신 분들이라면 반드시 의무적으로 가지고 있어야 하는 보험상품입니다. 만약 자동차보험에 들지 않은 차량을 가지고 도로에 나왔다가 적발될 경우에는... 
자동차 코일매트 차량바닥 쉽게 관리해요,https://blog.naver.com/minhyuk906/222674519587,"저는 얼마전에 굉장히 성공적인 쇼핑을 해서 기분이 정말 좋은데요, 제가 이번에 쇼핑한 제품은 바로 자동차 코일매트입니다 코일매트가 무엇인지 잘 모르시는 분도 계실 것 같은데 쉽게 말하면 그냥 자동차... "
자동차 핸들커버 우아한 차모아,https://blog.naver.com/luke604/222645284069,많이 욕심이 나던 게 바로 자동차 핸들커버였어요. 튀지 않으면서도 적당하게 감각을 살릴 수 있는 꾸민... 제가 처음으로 산 중고차라서 손이 가장 많이 닿게 되는 자동차 핸들커버만큼은 기분 좀 내려고 좋은... 
자동차보험료계산기 덕에 비용 확 줄임,https://blog.naver.com/teemogogo/222645501429,오늘은 차 구매 계획이 있는 분들을 위해 자동차보험료계산기를 알려드릴거에요 :) 케넨이도 차를... 사실 이 자동차보험료가 또 많이 나갑니다~ 그럼 한 번 들 때 제대로 해야겠지요? 다시 한 번 말하지만... 
자동차 폐차절차 초보자도 알기 쉬운 진행 방법,https://blog.naver.com/skidrow5041/222678501075,자동차를 오래 타다 보면 수리가 더 이상 되지 않거나 사고 등의 여러 가지 상황에 의해 폐기를 결정해야 할 때가 있습니다. 이때는 정식으로 허가를 받은 등록 업체에서만 말소 등록이 가능한데요. 자동차... 
니로EV 시인성 좋은 자동차썬팅농도 너무 좋치~,https://blog.naver.com/k03200817/222678669772,#자동차썬팅농도 때문에 저 멀리 충남에서 방문해주신 고객님이시구요. 전시장에서 차량 직접 받아서... 자동차썬팅농도 시공을 밝게 원하셔서 근처로 먼저 알아보셨다고 해요. 고객님께서 원하시는 농도는... 
자동차보험료계산 꼼꼼하게 진행해보고 가입 결정해보세요,https://blog.naver.com/hwoarangx2/222667796934,자동차보험료계산 꼼꼼하게 진행해보고 가입 결정해보세요 위캔드다이어리 스퀄입니다 안녕하세요 .. 드디어 날씨가 풀리고 스산하던 날씨도 점점 봄 날씨를 찾아가네요 자동차보험은 교통사고가 발생했을... 
"자동차 리스 렌트, 이 글만 보면 끝!",https://blog.naver.com/ige1026/222674044748,"자동차 리스 렌트, 이 글만 보면 끝! 견적 노하우까지 함께 정리! 오늘 하루는 날씨가 정말 좋았어요.... 오늘은 자동차 관련해서, 제가 이번에 리스 하면서 공부했던 내용들을 쉽게 한 번 정리해볼께요. 1.... "
캐롯퍼마일자동차보험 후기 알아보기 전에 인터넷자동차보험비... ,https://blog.naver.com/ysh2119/222660303404,자동차보험은 자동차를 가지고 있다면 필수로 해야 합니다. 자동차를 처음 운전 할 때는 언제 어떤 사고나 어디서 발생할지 아무도 모릅니다. 그래서 주의운전이 필요해요 그러나 운전이 능숙해지기 시작하면... 
자동차다이렉트보험비교사이트 이용해 현명하게 보험 선택해봐요,https://blog.naver.com/yunmarux/222679077618,"운전면허 취득 후에 첫 운전을 시작하면서 접하게 됐었던 다이렉트자동차보험, 여러 가지로 유용하게 활용할 수가 있었습니다. 특히 자동차보험 관련하여서 정보가 많이 없을 때는 직접 일일이 알아보는 것보다... "
럭셔리한 자동차 주차번호판 차모아,https://blog.naver.com/skyminw6/222675302902,바로 #자동차주차번호판 이에요. 바로 이 자동차 주차번호판인데 제가 메탈로 된 건 처음 보거든요. 대부분 다 싼 티가 나는 것 밖에 못봤는데 이건 모양도 사각형에다가 뭔가 독보적으로 고급스러워 보여 한눈에... 
다이렉트자동차보험비교견적사이트 이용하여 쉽게 준비해보세요,https://blog.naver.com/ree31206/222672685801,매년 갱신해야 하는 자동차 보험의 갱신 시기가 다가오면 가입한 보험사에서 항상 자동으로 연장... 스스로 알아보는 것이 어려울 줄 알았는데 다이렉트자동차보험비교견적사이트에서 찾아보니 생각보다... 
자동차 탄소포인트제 신청 접수 중 (~4/6),https://blog.naver.com/ej5824486/222661731248,"12월에 자동차 탄소포인트제로 10만 원을 받았었다. 국가로부터 포상처럼 받는 인센티브 현금. 그때 참여하고 싶다는 독자님이 많으셨는데, 마침 지금이 자동차 탄소포인트 신청 접수 기간. 실은 2월 23일부터... "
자동차 바닥매트 쏘렌토 코일매트 훕몰 후기,https://blog.naver.com/mercidj/222664905119,자동차 바닥매트 쏘렌토 코일매트 훕몰 제품 사용 후기 새차 구매 후 별다른 고민없이 저렴한 자동차 바닥매트를 구매하였어요. 제품의 차이는 크게 없을거 같았고 자동차 바닥매트가 크게 중요하지 않을거라... 
레고 60305 자동차운반트럭 후기,https://blog.naver.com/sog0129/222673660184,커다란 자동차백과를 들고오더니 간절히 갖고 싶은 장난감이 생겼다는 꿍이. 책을 펼쳐 그림을 보여주는데 자동차를 잔뜩 싣어 운반하는 트럭이었어요. 정말이지... 한살 때부터 시작된 자동차 사랑이 이렇게... 
다이렉트자동차보험비교견적 만26세 자동차보험,https://blog.naver.com/hanstella226/222674314782,들어야하는 자동차보험! 사실 나처럼 보험의 혜택을 많이 받는 사람(많이 다치고... 자주 아픈 사람..)은 여러가지 보험을 꼭 필수로 들어놓는게 좋지만 그게 아니더라도 자동차보험은 언제 무슨 일이 일어날지... 
"캠프롱 카 인버터 시거잭, 자동차 노트북 충전하기, 노트북... ",https://blog.naver.com/cafca23/222677889804,"자동차에서 충전할 수 있는 방법이 있을까?? 역시 안되는게 없었다. 이것저것 보다가 가성비 좋은걸로 구매했다. 27,000원 정도 했다. 가격도 이정도면 적당하고, 리뷰도 좋았다. 최대 150W 자동차/트럭겸용, QC3.0... "
봄철 자동차 에어컨 필터 교환하는 방법? 왜 교환해야 할까?,https://blog.naver.com/koroadblog/222666059608,"자동차 역시 마찬가지입니다. 안전한 주행을 도와주었던 윈터 타이어는 다시 사계절 타이어나 썸머... 자동차가 쓰는 마스크, 에어컨 필터 일단 자동차를 잘 모르시는 분들을 위해, 에이컨 필터가 어떤... "
[차량용에어컨필터] 차량에어컨냄새 자동차에어컨필터교체... ,https://blog.naver.com/ektjd1107/222678778072,[ 아인스 _ 자동차에어컨필터 ] 아인스 차량용에어컨필터 교체를 하면이젠 차량에어컨냄새 쾌쾌한... 아인스 자동차에어컨필터 헤파필터 국산원료 국산기술력이라서 믿고 쓸 수있어요 !촘촘한 주름으로... 
자동차 탄소포인트제 경기도 ( 양주시 ) 시민 신청방법!,https://blog.naver.com/yangju619/222656470951,자동차없이는 상상을 할 수 없을만큼 나의 발이 되어주는 자동차! 오늘은 어제 2월 23일부터 모집된 CO2 줄이기 자동차탄소포인트제 모집안내 및 참여절차 ( 신청방법 )에 대해 자세히 소개해드려보겠습니다... 
자동차보험료계산 하고 설계를 효과적으로 하세요,https://blog.naver.com/ysh2119/222675701552,특히 자동차보험은 운전자라면 누구나 가입해야 하는 상품이라서 조금 더 신경을 써야 합니다. 가입도... 의무보험으로만 보장을 구성하면 여러 항목을 함께 구성하는 것보다 자동차보험료계산을 할때 보험료가... 
자동차시트 교체 간단하게 직접 하는 법,https://blog.naver.com/ollehrentcar/222676332763,차량을 처음 구입했을 당시는 자동차시트를 깔끔하게 유지하고 싶다는 생각을 하게 되는데요. 하지만... 그래서 오늘은 이럴 때 유용한 자동차시트교체는 어떻게 진행하면 좋은지 알아보도록 하겠습니다.... 
"자동차 산업, 최악의 대내외 환경",https://blog.naver.com/opecwkd/222673304292,"등 자동차 칩 업체들도 반도체 조기 정상화에 대해서 상당히 회의적인 입장을 발표했음 &lt;자동차 주요 원재료 가격 추이&gt; source: Bloomberg, 메리츠증권 원재료 가격 상승과 반도체 수급... "
인천 자동차 풍절음 제로! 윈드킹 시공기,https://blog.naver.com/y211069/222678855012,"인천 자동차 풍절음 윈드킹 시공 전문점 제로맥스입니다. 자동차는 차종에 따라, 차의 유종에 따라 조금씩 상이하게 소음이 들리곤 합니다. 대부분의 차량이 어느정도의 소음은 가지고 있는게 당연하지만, 그... "
자동차 루프스킨은 블랙PPF 로!,https://blog.naver.com/amazingkissa/222674152710,오늘 소개해 드릴 항목은 자동차 루프스킨입니다. 루프스킨 이란? 자동차 루프 (천장) 부분을 블랙 색상으로 바꾸는 작업인데요. 여기에 자동차 전용 필름을 이용해 작업하는 것을 루프스킨이라고 합니다. 어떤... 
셀프 자동차 배터리 교체 방법(레이),https://blog.naver.com/100cholove/222662732885,"절반값에 자동차 배터리 교체하기 알아 두면 좋아요 ^^ 자동차 배터리 교체 방법은 20분이 채 걸리지 않으며, 셀프로 직접 교체할 수 있습니다. 자동차 배터리는 겨울철에 성능이 빠르게 저하되며, 블랙박스를... "
화물자동차운송사업양도양수신고,https://blog.naver.com/bmwh2020/222679261722,"화물자동차운송사업 양도양수 신고 화물자동차운송사업 양도양수 신고 화물자동차운송사업을 양도,양수 하려는 경우에는 양수인은 신고를 한 후 업을 하여야 한다. 양도양수의 신고를 하게 되면 화물자동차... "
자동차 트럭 차량용리프트 장착후기,https://blog.naver.com/hahaoil2000/222674688261,저는 서울에 거주하고 자동차리프트는 인천업체에서 설치했습니다. 인터넷찾아보니 인천업체가 가장저렴하고 친절히 응답을 해주시네요. 자동차 차량용리프트 설치후기 기존에 차량과 리프트장착트럭... 
자동차 부품도 중고거래가 가능하다?,https://blog.naver.com/hwgi01/222648291583,"많은 분들이 자동차 부품 교환시기가 다가오면 비싼 자동차 부품비로 교체를 고민하는 경우가 종종 있는데요. 특히 연식이 오래된 국산차나 수입차의 경우 순정품을 구하기도 어렵고, 가격이 비싼 경우가... "
카니발 신차 자동차등록 셀프 부산 명지,https://blog.naver.com/zomukeun/222676354852,신규등록은 종합민원실 2층 가서 자동차 신규등록 서류 작성만하면 되요 차주 본인 왔으니까용 한장만 적으면 되요 그리고 아래 5가지 준비하면 되요 1.자동차 제작증 2.세금계산서 영수증 3.임시운행허가증 4.... 
간편한 예약으로 자동차 정기검사는 전국 어디서나,https://blog.naver.com/bluedaisy706/222676054046,"아니아니, 다행히 자동차 정기검사는 전국 어디서나 지정된 장소에서 받을 수 있다. 예약이 차 있는... 검사 당일, 순천 자동차 검사소에 도착했다. 예약을 한 사람은 사무실에 들어가 접수할 필요 없이 곧바로... "
훕몰 자동차 코일매트 쏘렌토에도 필수네요,https://blog.naver.com/afromz001/222667943395,고급 자동차 코일매트로 옵션을 선택하도록 바뀌어야 자원낭비를 줄일 수 있습니다. 시중에 여러 종류의 자동차 매트 중 운전자들이 가장 선호하는 매트가 단연코 자동차 코일매트입니다. 여러 브랜드 코일... 
"아기그림책 우리는 자동차, 일하는 자동차!",https://blog.naver.com/byclaire01/222679356244,"우리 아이가 정신 없이 매진하는 지식특공대 전집 중에서 '우리는 자동차, 일하는 자동차'를 읽어보았습니다. 팍팍 파내는 굴착기부터 꽉꽉 실어 옳기는 덤프트럭 ! 싹 밀어서 정리해주는 불도저 등 힘든 일을... "
"올뉴K3 루프스킨, 크롬죽이기 자동차 랩핑 튜닝",https://blog.naver.com/tuneplus/222675023298,"자동차 포인트 랩핑 사이드미러도 랩핑 시공해 드렸으며, 굴곡이 있는 부분도 잘 밀착되어 들뜸없이... 자동차 랩핑지는 이후에 제거가 가능하구요, 제거시 잔여물이 남지않고 차량 손상 방지를 위해 저가의... "
경상도 여행 경북 가볼만한곳 경주세계자동차박물관,https://blog.naver.com/overroad89/222662723842,경상도 여행 경북 가볼만한곳 경주세계자동차박물관 경상도 여행지로 떠오는 곳은 많이 있지만 이... 경북 가볼만한곳으로 오늘 추천하는 경주 여행지는 바로 경주세계자동차박물관입니다. 경주하면 보통... 
차대번호조회로 알 수 있는 자동차 정보,https://blog.naver.com/ollehrentcar/222676352227,"자동차는 해당 차량 정보를 확인할 수 있는 &quot;차대번호&quot; 라는 것이 있습니다. 이는 총 알파벳과 숫자가... 하나는 자동차등록증입니다. 이 번호는 차주가 변경돼도 유지되므로, 이전 소유주의 정보로 발급됐다... "
자동차키케이스 메이튼 푸에블로 가죽키케이스,https://blog.naver.com/hanaworks/222678404637,아반떼AD 스마트키케이스 현대키케이스 백년만에 자동차키케이스를 바꿔본다. 차를 구입한게 6년이... 구성품은 자동차키케이스랑 키링 그리고 소프트버튼이다. 취향에 따라 링의 컬러를 변경할 수 있고... 
자동차파란색번호판으로 교체하려면 어떻게 해야 할까,https://blog.naver.com/ollehrentcar/222676398365,"자동차파란색번호판으로 교체하려면 어떻게 해야 할까 요즘 신형 자동차 번호판을 보면 태극문양이 들어간 것들도 보입니다. 자동차 번호판은 지역과 숫자가 배열된 7자리의 구형이 있고, 파란색인 전기차... "
"자율주행 3, 4단계 자동차",https://blog.naver.com/ymkim1959/222677979977,[자율주행 3단계] 자율주행 3단계는 2022년말 현대자동차 제네시스 G90부터 제공된다.... 현대자동차에서 Level 4의 자동차를 2024년도에 내놓을 예정이다. https://m.etnews.com/20211210000177?obj... 
캠린이들 주목! 캠핑용자동차도 개별소비세 대상?,https://blog.naver.com/ntscafe/222676033779,"캠핑용자동차까지, 캠핑족들의 장비사랑은 계속되고 있습니다. 하지만, 여기서 짚고 넘어가야 할 문제가 있는데요. 취사도 되고, 취침도 되는 만능 캠핑용자동차는 개별소비세 대상이 아닐까요? 또... "
알티마 정기검사 + 세종 명작 자동차 검사소,https://blog.naver.com/elfdlgl/222676456703,알티마 자동차 정기검사.. 벌써 출고된지 4년.. 교통안전공단으로 부터 카톡이 온다... 출고된지... 세종 검사소는 예약도 많이 밀려있다고하니 더욱더 안감..ㅋㅋ 세종 자동차검사소 검색해보니 장군면에... 
"자동차보험다이렉트비교사이트, 자동차보험료1년 치와... ",https://blog.naver.com/romanticoo/222668726727,"지난달, 차를 구매하면서 자동차 보험이 의무 가입이라는 사실을 처음 알았어요^^; 남편이 매년 뭔가... 매년 갱신을 해야 하는 자동차 보험은 확실히 비대면이 편한 것 같아요 대면 방식보다 비용도 절감되는... "
자동차생활   멋진 선물을 받다.,https://blog.naver.com/vhftl/222676156442,자동차 잡지와 브로셔등 모아본 기억들은 조금씩 있을텐데요. 저 또한 제법 많이 모았던거 시간이... 지금도 자동차제작사에 근무하시면서 열정을 쏟고 계신분인데. 어릴때의 자동차에 대한 열정과 간절함이... 
대륙의 롤스로이스? 중국 자동차 브랜드 '홍치' 알아보기,https://blog.naver.com/dkcaihong/222647029592,홍치 (红旗，Hóngqí) ▲ 이미지 출처 : 바이두 ’홍치 (红旗，Hóngqí)’는 중국의 자동차 그룹 ‘디이자동차’의 자회사인데요. 1953년 설립된 ‘디이자동차(中国第一汽车集团有限公司，Zhōngguódìyīqìchē... 
"자동차 기름값 9주 연속 상승, 2000원 시대 언제쯤 내려갈까?",https://blog.naver.com/zenyoga01/222677245829,"사실 지난 2월 중순에도 자동차 기름을 채워 넣으며 1,800원대라 그것도 비싸다고 개인적으로 생각했는데.. 2022년 3월이 지나가면서 당장 오늘은 자동차 기름값이 어떤 주유소냐에 따라 차이는 있겠지만... "
프레스코 XL: 8인승 초장거리 전기 자동차,https://blog.naver.com/artlife/222645170257,1회 충전으로 1000Km 주행하는 전기자동차 - 프레스코 XL 개발에 초점을 맞춘 노르웨이 오슬로에 본사를 둔 스타트업이자 노르웨이 기술 회사 프레스코 모터스가 선보인 컨셉. 초장거리 전기자동차 FrescoXL은... 
친환경 자동차 전시회에 새만금개발청이 간다!,https://blog.naver.com/smgcstory/222673489793,"xEV TREND KOREA 2022, 친환경 자동차 전시회에 새만금개발청이 간다! 세계 친환경 자동차 시장은 급속히 성장 중 전 세계는 지금 탄소중립 산업생태계로의 전환 가속화와 친환경 모빌리티 개발과 생산에... "
긴급자동차 자동진출입 시스템 도입 안내,https://blog.naver.com/gjcityi/222678906763,"긴급자동차에 발급하고, 차단기가 번호판을 인식하여 통과시키도록 하는 긴급자동차 자동진출입 시스템을 도입했습니다. ⚠️ 긴급자동차 자동진출입 시스템 2021년 2월, '자동차 등록번호판 등의 기준에... "
도로에서 사고 발생 시 설치해야 할 자동차 안전삼각대,https://blog.naver.com/ollehrentcar/222678845257,도로에서 사고 발생 시 설치해야 할 자동차 안전삼각대 운전하는 분들은 차 트렁크에 자동차 안전삼각대 하나씩 구비하고 다니시죠. 위험 상황에서 안전을 지켜줄 수 있어 반드시 갖고 다니셔야 합니다.... 
세종자동차극장 초이 자동차극장에서 :),https://blog.naver.com/hyemi1240/222673361959,대전 오가며 있는 길에 있는 자동차극장을 본 적은 있었지만 장군면에도 자동차극장이 생겼다니!! 주변이 더 어둡고 차가 다니는 길도 아니라 영화 집중하기에 더 좋을 것 같아 다녀왔어요 세종자동차극장... 
"봄들이와 자동차, 완벽한 일요일 (23개월)",https://blog.naver.com/maargot/222671347049,요즘에는 자기가 만든 자동차를 보여준다. 표정이 얼마나 뿌듯한지 귀엽다. 하지만 엄마는 알고 있지... 더 크면 병뚜껑이나 휴지심 등으로 아들이랑 같이 여러 자동차를 만들어보고 싶다. 자동차 박스 안에서... 
"자동차검사, 부적합, 예상못한지출",https://blog.naver.com/pkinky/222677155517,오늘은 도수치료 후 한달 전 예약해둔 자동차검사소에 갔다. 점심시간이 12시부터라하기에 원래 예약해둔 12시보단 30분정도 일찍가서 접수 그리고 한40분 걸린다기에 국수집에서 비빔국수 자동차검사날... 
자동차 장난감 3살 4살 5살 유아 장난감 (중장비 장난감),https://blog.naver.com/80milk/222659711678,자동차 장난감 3살 4살 5살 유아 장난감 (중장비 장난감) 연구실에는 자동차. 공룡 등 아이들이 좋아하는 장난감들이 많아요 많은 아이들이 사용하다 보니 자동차 바퀴도 떨어지고 기능들도 약해지다 보니... 
"자동차 키가 안 돌아갈 때,",https://blog.naver.com/1372cha/222672555637,현대 투싼 자동차 열쇠가 안 돌아갈 때~ 키 박스 교체 없이 운전석 키통 수리하기~ 자동차 열쇠 기술자 블로그 키메이커 닷컴 안산 본부 방문을 환영합니다. 늘 내리던 비가 이렇게 반가운 줄 몰랐네요. 빗길... 
다이렉트자동차보험료비교견적사이트 이용하여 꼼꼼하게... ,https://blog.naver.com/mutoworks/222672171636,"이번 시간에는 자동차보험에 대해 알아보려고 해요. 어딘가로 출퇴근을 해야 하는 이들이라면 늘 이런... 차량을 운행하는 사람들의 경우 이러한 고정 비용은 물론이고 자동차 보유세, 유류비, 차량 관리비 등... "
자동차 용품 : 위글위글 주차번호판 / 차량용 번호판... ,https://blog.naver.com/sunmin8877/222675124938,"자동차 용품 : 위글위글 주차번호판 / 차량용 번호판 Teddy Bear @wiggle wiggle  논슬립, 안심번호 가능... (짝) #위글위글 #차량용품 #자동차용품 #주차번호판 #안심번호 #논슬립주차번호판 #새차선물... "
"새로운 장난감 보급, 자동차들 창고화 진행중…",https://blog.naver.com/love7405/222676125721,절판난 드래곤볼 타임머신도 구입.! 베지터 제품은 절판나서 못구하고 흔하게 보일때 살걸 ㅠ.ㅠ 여기 홈런볼이랑 과자가 왜이리 많은지 암튼 자동차들이 모두 창고로 바뀌었는데 큰일이예요.ㅠ.ㅠ
자동차컵케이크타워 3단컵케이크스탠드 7살생일(잠실 로티스),https://blog.naver.com/pinkvane/222674570889,"시리즈별로 많긴한데, 그럴려면 컵케이크를 다 올려야해서, 남자아이들이라면 태어날때부터 좋아한다는 자동차 컵케이크부터 올려봅니다. made by 쿠키인스토리 랜덤으로 올라가는 빠방이 자동차컵케이크... "
[와이즈케어] 2022년 올해 바뀌는 자동차 세금 정보,https://blog.naver.com/wiseplan365/222676295267,최근 신차 출시 소식이 이어지면서 자동차 구매에 관심이 생기신 분들 많죠? 그런데 자동차를 구매할 때에는 자동차 값만 생각할 것이 아니라 세금도 생각해야 합니다. 오늘은 2022년 바뀌는 자동차 세금... 
출장 자동차 엔진오일 교환 서비스 해 볼까,https://rdsong.com/2940,"출장 자동차 엔진오일 교환 서비스 해 볼까? 지인이 출장 자동차 엔진오일 갈았다고 해서, 서비스도 좋아서 엔진오일 교환 시기에 이용해 보려고 합니다. 자동차 엔진오일 교환시기 되면 자동차 서비스 센터... "
